{
    "name": "9ad24d30-b6d9-4eca-aa51-d579e5cbd379",
    "type": "Microsoft.Authorization/roleDefinitions",
    "apiVersion": "2018-01-01-preview",
    "properties": {
        "roleName": "CR-LGRI-DBA",
        "description": "LGRI custom Role Definition. Grants full reader access to all resources under this subscription. This includes Azure IAM and support requests.",
        "type": "customRole",
        "permissions": [
            {
                "actions": [
                    "*/read",
                    "Microsoft.Authorization/roleAssignments/read",
                    "Microsoft.Support/*"
                ],
                "notActions": [],
                "dataActions": [],
                "notDataActions": []
            }
        ],
        "assignableScopes": []
    }
}