{
    "name": "3143d344-8677-4a5b-9af1-29dd4b5be27d",
    "type": "Microsoft.Authorization/roleDefinitions",
    "apiVersion": "2018-01-01-preview",
    "properties": {
        "roleName": "CR-LGRI-vNet-Peering",
        "description": "Users with this role can create vnet peers to the core vnet",
        "type": "customRole",
        "permissions": [
            {
                "actions": [
                    "Microsoft.Network/virtualNetworks/peer/action"
                ],
                "notActions": [],
                "dataActions": [],
                "notDataActions": []
            }
        ],
        "assignableScopes": []
    }
}