{
    "name": "0e2b28ee-a768-4801-91e8-d7215f7f816a",
    "type": "Microsoft.Authorization/roleDefinitions",
    "apiVersion": "2018-01-01-preview",
    "properties": {
        "roleName": "CR-LGRI-Devops-Engineer",
        "description": "LGRI custom Role Definition. Grants full reader access to all resources under this subscription. This includes Azure IAM, Workspace Insights and support requests.",
        "type": "customRole",
        "permissions": [
            {
                "actions": [
                    "*/read",
                    "Microsoft.Authorization/roleAssignments/read",
                    "Microsoft.Insights/alertRules/read",
                    "Microsoft.PolicyInsights/*",
                    "Microsoft.operationalInsights/workspaces/*/read",
                    "Microsoft.Resources/deployments/*/read",
                    "Microsoft.Support/*"
                ],
                "notActions": [],
                "dataActions": [],
                "notDataActions": []
            }
        ],
        "assignableScopes": []
    }
}