{
    "name": "8edb3638-7026-4211-94c9-8f04cca9b80d",
    "type": "Microsoft.Authorization/roleDefinitions",
    "apiVersion": "2018-01-01-preview",
    "properties": {
        "roleName": "CR-LGRI-Network-Engineer",
        "description": "LGRI custom Role Definition. Grants full reader access to all network related resources under this management group. This includes Azure IAM, Workspace Insights and support requests.",
        "type": "customRole",
        "permissions": [
            {
                "actions": [
                    "Microsoft.Network/virtualRouters/peerings/read",
                    "Microsoft.Network/virtualRouters/providers/Microsoft.Insights/metricDefinitions/read",
                    "Microsoft.Network/virtualRouters/read",
                    "Microsoft.Network/virtualNetworkTaps/networkInterfaceTapConfigurationProxies/read",
                    "Microsoft.Network/virtualNetworkTaps/read",
                    "Microsoft.Network/connections/sharedKey/read",
                    "Microsoft.Network/connections/read",
                    "microsoft.network/virtualnetworkgateways/connections/read",
                    "Microsoft.Network/virtualNetworkGateways/providers/Microsoft.Insights/logDefinitions/read",
                    "Microsoft.Network/virtualNetworkGateways/providers/Microsoft.Insights/diagnosticSettings/read",
                    "microsoft.network/virtualNetworkGateways/natRules/read",
                    "microsoft.network/virtualnetworkgateways/getlearnedroutes/action",
                    "microsoft.network/virtualnetworkgateways/getbgppeerstatus/action",
                    "microsoft.network/virtualnetworkgateways/getadvertisedroutes/action",
                    "microsoft.network/virtualnetworkgateways/getvpnclientipsecparameters/action",
                    "microsoft.network/virtualnetworkgateways/getvpnprofilepackageurl/action",
                    "microsoft.network/virtualnetworkgateways/getvpnclientconnectionhealth/action",
                    "Microsoft.Network/virtualnetworkgateways/supportedvpndevices/action",
                    "Microsoft.Network/virtualNetworks/providers/Microsoft.Insights/logDefinitions/read",
                    "Microsoft.Network/virtualNetworks/providers/Microsoft.Insights/diagnosticSettings/read",
                    "Microsoft.Network/virtualNetworks/customViews/get/action",
                    "Microsoft.Network/virtualNetworks/customViews/read",
                    "Microsoft.Network/virtualNetworks/virtualMachines/read",
                    "Microsoft.Network/virtualNetworks/subnets/virtualMachines/read",
                    "Microsoft.Network/virtualNetworks/subnets/serviceAssociationLinks/details/read",
                    "Microsoft.Network/virtualNetworks/subnets/serviceAssociationLinks/read",
                    "Microsoft.Network/virtualNetworks/subnets/serviceAssociationLinks/validate/action",
                    "Microsoft.Network/virtualNetworks/subnets/resourceNavigationLinks/read",
                    "Microsoft.Network/virtualNetworks/subnets/contextualServiceEndpointPolicies/read",
                    "Microsoft.Network/virtualNetworks/subnets/read",
                    "Microsoft.Network/virtualNetworks/remoteVirtualNetworkPeeringProxies/read",
                    "Microsoft.Network/virtualNetworks/virtualNetworkPeerings/read",
                    "Microsoft.Network/virtualNetworks/usages/read",
                    "Microsoft.Network/virtualNetworks/taggedTrafficConsumers/read",
                    "Microsoft.Network/virtualNetworks/privateDnsZoneLinks/read",
                    "Microsoft.Network/virtualNetworks/providers/Microsoft.Insights/metricDefinitions/read",
                    "Microsoft.Network/virtualNetworks/checkIpAddressAvailability/read",
                    "Microsoft.Network/virtualNetworks/dnsResolvers/read",
                    "Microsoft.Network/virtualNetworks/dnsForwardingRulesets/read",
                    "Microsoft.Network/virtualNetworks/bastionHosts/default/action",
                    "Microsoft.Network/virtualNetworks/read",
                    "Microsoft.Network/virtualNetworks/BastionHosts/action",
                    "Microsoft.Network/locations/supportedVirtualMachineSizes/read",
                    "Microsoft.Network/locations/virtualNetworkAvailableEndpointServices/read",
                    "Microsoft.Network/virtualWans/vpnSiteProxies/read",
                    "Microsoft.Network/virtualWans/p2sVpnServerConfigurations/read",
                    "Microsoft.Network/virtualWans/virtualHubProxies/read",
                    "Microsoft.Network/virtualWans/vpnSites/read",
                    "Microsoft.Network/virtualwans/supportedSecurityProviders/read",
                    "Microsoft.Network/virtualWans/virtualHubs/read",
                    "Microsoft.Network/virtualWans/read",
                    "Microsoft.Network/virtualwans/vpnServerConfigurations/action",
                    "Microsoft.Network/virtualwans/vpnconfiguration/action",
                    "Microsoft.Network/virtualHubs/routingIntent/read",
                    "Microsoft.Network/virtualHubs/routeMaps/read",
                    "Microsoft.Network/virtualHubs/hubRouteTables/read",
                    "Microsoft.Network/virtualHubs/routeTables/read",
                    "Microsoft.Network/virtualHubs/hubVirtualNetworkConnections/read",
                    "Microsoft.Network/virtualHubs/ipConfigurations/read",
                    "Microsoft.Network/virtualHubs/bgpConnections/read",
                    "Microsoft.Network/virtualHubs/outboundRoutes/action",
                    "Microsoft.Network/virtualHubs/inboundRoutes/action",
                    "Microsoft.Network/virtualHubs/effectiveRoutes/action",
                    "Microsoft.Network/virtualHubs/read",
                    "Microsoft.Network/privateDnsZones/virtualNetworkLinks/read",
                    "Microsoft.Network/privateDnsZones/read",
                    "Microsoft.Network/networkVirtualAppliances/read",
                    "Microsoft.Network/loadBalancers/virtualMachines/read",
                    "Microsoft.Network/dnsForwardingRulesets/virtualNetworkLinks/read",
                    "Microsoft.Support/*"
                ],
                "notActions": [],
                "dataActions": [],
                "notDataActions": []
            }
        ],
        "assignableScopes": []
    }
}