{
    "extend_es_identity": {
        "policy_assignments": [],
        "policy_definitions": [],
        "policy_set_definitions": [],
        "role_definitions": [
            "CR-CoreServices-Monitor"
        ],
        "archetype_config": {
            "parameters": {},
            "access_control": {
                "[ES-IDENTITY] CR-CoreServices-Monitor": [
                    "7f0c3ce2-d848-4bd8-9691-be41b0354f19",
                    "75ec6713-0035-44af-8059-4bdfc45cd3f3",
                    "96365da8-4a8e-4ae8-8162-910f1071f5df",
                    "da18fae1-35cd-47cc-afc8-d6fcaddcd164",
                    "5946305f-f89e-487c-9525-82a76b4707be"
                ]
            }
        }
    }
}
