{
    "extend_es_root": {
      "policy_assignments": [
        "Require-Standard-Tags",
        "Inherit-Standard-RG-Tags",
        "Deny-Resource-Locations",
        "Deny-RSG-Locations",
        "Network-Standards",
        "Enforce-TLS-SSL",
        "Sub-logs-To-Event-Hub",
        "Diag-To-Event-Hub-UKS"
      ],
      "policy_definitions": [
        "Require-RG-Business-Unit-Tag",
        "Require-RG-Application-Owner-Tag",
        "Require-RG-Business-Unit-Sponsor-Tag",
        "Require-RG-Cost-Centre-Tag",
        "Require-RG-Data-Classification-Tag",
        "Require-Application-Criticality-Tag",
        "Require-RG-Environment-Type-Tag",
        "Require-RG-Application-Name-Tag",
        "Inherit-Standard-RG-Tags",
        "Deny-SSH-From-Internet",
        "Activity-Logs-To-Event-Hub",
        "Deny-Nsg-Inbound-Allow-All",
        "Create-NSG-Rule",
        "Deploy-EVH-Diagnostics-AA",
        "Deploy-EVH-Diagnostics-ACI",
        "Deploy-EVH-Diagnostics-ACR",
        "Deploy-EVH-Diagnostics-AnalysisService",
        "Deploy-EVH-Diagnostics-ApiForFHIR",
        "Deploy-EVH-Diagnostics-APIMgmt",
        "Deploy-EVH-Diagnostics-ApplicationGateway",
        "Deploy-EVH-Diagnostics-CDNEndpoints",
        "Deploy-EVH-Diagnostics-CognitiveServices",
        "Deploy-EVH-Diagnostics-CosmosDB",
        "Deploy-EVH-Diagnostics-Databricks",
        "Deploy-EVH-Diagnostics-DataExplorerCluster",
        "Deploy-EVH-Diagnostics-DataFactory",
        "Deploy-EVH-Diagnostics-DLAnalytics",
        "Deploy-EVH-Diagnostics-EventGridSub",
        "Deploy-EVH-Diagnostics-EventGridSystemTopic",
        "Deploy-EVH-Diagnostics-EventGridTopic",
        "Deploy-EVH-Diagnostics-ExpressRoute",
        "Deploy-EVH-Diagnostics-Firewall",
        "Deploy-EVH-Diagnostics-FrontDoor",
        "Deploy-EVH-Diagnostics-Function",
        "Deploy-EVH-Diagnostics-HDInsight",
        "Deploy-EVH-Diagnostics-iotHub",
        "Deploy-EVH-Diagnostics-LoadBalancer",
        "Deploy-EVH-Diagnostics-LogicAppsISE",
        "Deploy-EVH-Diagnostics-MariaDB",
        "Deploy-EVH-Diagnostics-MediaService",
        "Deploy-EVH-Diagnostics-MlWorkspace",
        "Deploy-EVH-Diagnostics-MySQL",
        "Deploy-EVH-Diagnostics-NetworkSecurityGroups",
        "Deploy-EVH-Diagnostics-NIC",
        "Deploy-EVH-Diagnostics-PostgreSQL",
        "Deploy-EVH-Diagnostics-PowerBIEmbedded",
        "Deploy-EVH-Diagnostics-RedisCache",
        "Deploy-EVH-Diagnostics-Relay",
        "Deploy-EVH-Diagnostics-SignalR",
        "Deploy-EVH-Diagnostics-SQLElasticPools",
        "Deploy-EVH-Diagnostics-SQLMI",
        "Deploy-EVH-Diagnostics-TimeSeriesInsights",
        "Deploy-EVH-Diagnostics-TrafficManager",
        "Deploy-EVH-Diagnostics-VirtualNetwork",
        "Deploy-EVH-Diagnostics-VM",
        "Deploy-EVH-Diagnostics-VMSS",
        "Deploy-EVH-Diagnostics-VNetGW",
        "Deploy-EVH-Diagnostics-WebServerFarm",
        "Deploy-EVH-Diagnostics-Website",
        "Deploy-EVH-Diagnostics-WVDAppGroup",
        "Deploy-EVH-Diagnostics-WVDHostPools",
        "Deploy-EVH-Diagnostics-WVDWorkspace",
        "Deny-all-Iaas-Deployments"
      ],
      "policy_set_definitions": [
        "Require-Standard-Tags",
        "Network-Security-Standards",
        "Deploy-Diagnostic-To-Event-Hub"
      ],
      "role_definitions": [
        "CR-Platform-Monitor",
        "CR-Security-Monitor",
        "CR-Platform-Manager"
      ],
      "archetype_config": {
        "parameters": {
          "Deny-Resource-Locations": {
            "listOfAllowedLocations": [
              "eastus",
              "eastus2",
              "westus",
              "uksouth",
              "ukwest",
              "northeurope",
              "westeurope"
            ]
          },
          "Deny-RSG-Locations": {
            "listOfAllowedLocations": [
              "eastus",
              "eastus2",
              "westus",
              "uksouth",
              "ukwest",
              "northeurope",
              "westeurope"
            ]
          },
          "Enforce-EncryptTransit": {
            "enforcementMode": null
          },
          "Deploy-NSG-Flowlog-to-LA": {
            "workspace" : "${log_analytics_workspace_id}"
          },
          "Sub-logs-To-Event-Hub": {
            "eventHubRuleId": "${event_hub_authorization_rule_id_uks}"
          },
          "Diag-To-Event-Hub-UKS": {
            "eventHubRuleId": "${event_hub_authorization_rule_id_uks}",
            "eventHubName": "es-diagnostic-logs",
            "location": "uksouth"
          }
        },
        "access_control": {
          "[ES] CR-Platform-Monitor": [
            "d6195877-6798-4d0c-a726-caf2e5b0e25e"
          ],
          "[ES] CR-Platform-Manager": [
            "c3cc3c67-adc3-4e95-bd53-240946de321b"
          ],
          "[ES] CR-Security-Monitor": [
            "eda27bbc-3b58-41af-a48b-f0088ff72f7e"
          ],
          "Management Group Contributor": [
            "25f2f23a-187b-4124-b077-054faa76aa5a"
          ],
          "Reader": [
            "0584e63d-580b-4ee5-88d5-bcf6427a7347"
          ],
          "Owner": [
            "ccc9dd17-40a7-4e1f-b161-a99f24035cc2"
          ],
          "Microsoft Sentinel Contributor": [
            "eda27bbc-3b58-41af-a48b-f0088ff72f7e",
            "c3cc3c67-adc3-4e95-bd53-240946de321b"
          ],
          "Microsoft Sentinel Reader": [
            "d6195877-6798-4d0c-a726-caf2e5b0e25e"
          ],
          "Microsoft Sentinel Responder": [
            "d6195877-6798-4d0c-a726-caf2e5b0e25e"
          ]
        }
      }
    }
  }