{
  "name": "Diag-To-Event-Hub-UKS",
  "type": "Microsoft.Authorization/policyAssignments",
  "apiVersion": "2019-09-01",
  "properties": {
    "description": "Ensures resource diagnostics are set to push logs into Event Hub.",
    "displayName": "Deploy Diagnostic Settings for resource Logs to Event Hub - UKS",
    "notScopes": [],
    "parameters": {},
    "policyDefinitionId": "${root_scope_resource_id}/providers/Microsoft.Authorization/policySetDefinitions/Deploy-Diagnostic-To-Event-Hub",
    "scope": "${current_scope_resource_id}",
    "enforcementMode": "Default"
  },
  "location": "uksouth",
  "identity": {
    "type": "SystemAssigned"
  }
}
