{
  "name": "Sub-logs-To-Event-Hub",
  "type": "Microsoft.Authorization/policyAssignments",
  "apiVersion": "2019-09-01",
  "properties": {
    "description": "Ensures that Activity Log Diagnostics settings are set to push logs into Event Hub.",
    "displayName": "Deploy Diagnostic Settings for Activity Log to Event Hub",
    "notScopes": [],
    "parameters": {},
    "policyDefinitionId": "${root_scope_resource_id}/providers/Microsoft.Authorization/policyDefinitions/Activity-Logs-To-Event-Hub",
    "scope": "${current_scope_resource_id}",
    "enforcementMode": "Default"
  },
  "location": "${default_location}",
  "identity": {
    "type": "SystemAssigned"
  }
}
