{
    "name": "Inherit-Standard-RG-Tags",
    "type": "Microsoft.Authorization/policyAssignments",
    "apiVersion": "2019-09-01",
    "properties": {
      "description": "Resources inherit L&G standard tags from their resource group",
      "displayName": "Inherit standard tags the resource group",
      "notScopes": [],
      "parameters": {},
      "policyDefinitionId": "${root_scope_resource_id}/providers/Microsoft.Authorization/policyDefinitions/Inherit-Standard-RG-Tags",
      "scope": "${current_scope_resource_id}",
      "enforcementMode": "Default"
    },
    "location": "${default_location}",
    "identity": {
      "type": "SystemAssigned"
    }
  }
  