{
  "name": "Require-Standard-Tags",
  "type": "Microsoft.Authorization/policyAssignments",
  "apiVersion": "2019-09-01",
  "properties": {
    "description": "This policy initiative is a group of policies that prevents creation of Resources Groups without the L&G required tags.",
    "displayName": "Require L&G required tags on resource groups",
    "notScopes": [],
    "parameters": {},
    "policyDefinitionId": "${root_scope_resource_id}/providers/Microsoft.Authorization/policySetDefinitions/Require-Standard-Tags",
    "scope": "${current_scope_resource_id}",
    "enforcementMode": "Default"
  },
  "location": "${default_location}",
  "identity": {
    "type": "None"
  }
}
