{
  "name": "Deny-Cross-vNet-Peering",
  "type": "Microsoft.Authorization/policyAssignments",
  "apiVersion": "2019-09-01",
  "properties": {
    "description": "Blocks cross subscription vNet Peering.",
    "displayName": "Deny vNet peering to other subscriptions",
    "notScopes": [],
    "parameters": {},
    "policyDefinitionId": "${root_scope_resource_id}/providers/Microsoft.Authorization/policyDefinitions/Deny-VNET-Peer-Cross-Sub",
    "scope": "${current_scope_resource_id}",
    "enforcementMode": "Default"
  },
  "location": "${default_location}",
  "identity": {
    "type": "None"
  }
}