{
  "name": "Deploy-Nsg-FlowLogs-LA",
  "type": "Microsoft.Authorization/policyAssignments",
  "apiVersion": "2019-09-01",
  "properties": {
    "description": "Deploys NSG flow logs and traffic analytics to Log Analytics with a specified retention period.",
    "displayName": "Deploys NSG flow logs and traffic analytics to Log Analytics",
    "notScopes": [],
    "parameters": {},
    "policyDefinitionId": "${root_scope_resource_id}/providers/Microsoft.Authorization/policyDefinitions/Deploy-Nsg-FlowLogs-to-LA",
    "scope": "${current_scope_resource_id}",
    "enforcementMode": "Default"
  },
  "location": "${default_location}",
  "identity": {
    "type": "SystemAssigned"
  }
}
