{
  "name": "Deny-IaaS-Deployments",
  "type": "Microsoft.Authorization/policyAssignments",
  "apiVersion": "2019-09-01",
  "properties": {
    "description": "This policy will block all IaaS (VM) deployments.",
    "displayName": "Block IaaS Deployments",
    "notScopes": [],
    "parameters": {},
    "policyDefinitionId": "${root_scope_resource_id}/providers/Microsoft.Authorization/policyDefinitions/Deny-all-Iaas-Deployments",
    "scope": "${current_scope_resource_id}",
    "enforcementMode": "Default"
  },
  "location": "uksouth",
  "identity": {
    "type": "None"
  }
}