{
    "name": "Network-Standards",
    "type": "Microsoft.Authorization/policyAssignments",
    "apiVersion": "2019-09-01",
    "properties": {
      "description": "This policy initiative is a group of L&G network security standards policies for all Azure Spoke Subscriptions.",
      "displayName": "L&G Network Security Standards",
      "notScopes": [],
      "parameters": {},
      "policyDefinitionId": "${root_scope_resource_id}/providers/Microsoft.Authorization/policySetDefinitions/Network-Security-Standards",
      "scope": "${current_scope_resource_id}",
      "enforcementMode": "Default"
    },
    "location": "${default_location}",
    "identity": {
      "type": "None"
    }
  }
  