{
    "name": "Require-RG-Environment-Type-Tag",
    "type": "Microsoft.Authorization/policyDefinitions",
    "apiVersion": "2021-06-01",
    "scope": null,
    "properties": {
      "displayName": "Require environment type on resource groups",
      "policyType": "Custom",
      "mode": "All",
      "description": "Enforces existence of a tag on resource groups.",
      "metadata": {
        "version": "1.0.0",
        "category": "ES - Tags"
      },
      "parameters": {
        "tagName": {
          "type": "String",
          "metadata": {
            "displayName": "Tag Name",
            "description": "Name of the tag, such as 'environment'"
          },
          "defaultValue": "environment-type"
        }
      },
      "policyRule": {
        "if": {
          "allOf": [
            {
              "field": "type",
              "equals": "Microsoft.Resources/subscriptions/resourceGroups"
            },
            {
              "field": "[concat('tags[', parameters('tagName'), ']')]",
              "exists": "false"
            }
          ]
        },
        "then": {
          "effect": "deny"
        }
      }
    }
  }