{
    "lgri": {
        "policy_assignments": [],
        "policy_definitions": [],
        "policy_set_definitions": [],
        "role_definitions": [
            "CR-LGRI-vNet-Peering",
            "CR-LGRI-Application-Engineer",
            "CR-LGRI-Architect",
            "CR-LGRI-DBA",
            "CR-LGRI-Devops-Engineer",
            "CR-LGRI-InfoSec-Manger",
            "CR-LGRI-Infrastructure-Manager",
            "CR-LGRI-Network-Engineer",
            "CR-LGRI-Onshore-Engineer",
            "CR-LGRI-Offshore-Engineer",
            "CR-LGRI-Security-Professional"
        ],
        "archetype_config": {
            "parameters": {},
            "access_control": {}
        }
    }
}
