{
    "customer_online": {
      "policy_assignments": ["Deny-Resource-Locations", "Deny-RSG-Locations"],
      "policy_definitions": [],
      "policy_set_definitions": [],
      "role_definitions": [],
      "archetype_config": {
        "parameters": {
          "Deny-Resource-Locations": {
            "listOfAllowedLocations": [
              "eastus",
              "eastus2",
              "westus",
              "uksouth",
              "ukwest"
            ]
          },
          "Deny-RSG-Locations": {
            "listOfAllowedLocations": [
              "eastus",
              "eastus2",
              "westus",
              "uksouth",
              "ukwest"
            ]
          }
        },
        "access_control": {}
      }
    }
  }