{
    "extend_es_root": {
      "policy_assignments": [],
      "policy_definitions": [],
      "policy_set_definitions": [],
      "role_definitions": [],
      "archetype_config": {
        "parameters": {},
        "access_control": {
            "Owner": [
                "6dd6a101-fa76-452e-81d4-646892112241",
                "4f216f43-636e-4c75-8a29-d8f5ce1fd49b",
                "19d2b184-9242-4699-9493-323daf57b993",
                "de4a09c6-bd00-47fe-bc23-0e26a70f1762"
            ]
          }
      }
    }
  }