{
    "lgi": {
        "policy_assignments": [],
        "policy_definitions": [],
        "policy_set_definitions": [],
        "role_definitions": [
            "CR-LGI-vNet-Peering",
            "CR-LGI-Application-Engineer",
            "CR-LGI-Architect",
            "CR-LGI-DBA",
            "CR-LGI-Devops-Engineer",
            "CR-LGI-InfoSec-Manager",
            "CR-LGI-Infrastructure-Manager",
            "CR-LGI-Network-Engineer",
            "CR-LGI-Cloud-Platform-Operations-Engineer",
            "CR-LGI-Security-Professional",
            "CR-LGI-Finance-Manager"
        ],
        "archetype_config": {
            "parameters": {},
            "access_control": {
                "Owner": [
                    "476048c0-2eb8-48d4-9b6e-f2dfb8fbcdfc"
                ]
            }
        }
    }
}
