{
  "name": "Deploy-EVH-Diagnostics-VMSS",
  "type": "Microsoft.Authorization/policyDefinitions",
  "apiVersion": "2021-06-01",
  "scope": null,
  "properties": {
    "policyType": "Custom",
    "mode": "Indexed",
    "displayName": "Deploy Diagnostic Settings for Virtual Machine Scale Sets to Event Hub",
    "description": "Deploys the diagnostic settings for Virtual Machine Scale Sets  to stream to a Event Hub when any Virtual Machine Scale Sets  which is missing this diagnostic settings is created or updated. The Policy will set the diagnostic with all metrics and category enabled",
    "metadata": {
      "version": "1.0.0",
      "category": "ES - Monitoring"
    },
    "parameters": {
      "eventHubRuleId": {
        "type": "String",
        "metadata": {
          "displayName": "Event Hub Authorization Rule Id",
          "description": "The Event Hub authorization rule Id for Azure Diagnostics. The authorization rule needs to be at Event Hub namespace level. e.g. /subscriptions/{subscription Id}/resourceGroups/{resource group}/providers/Microsoft.EventHub/namespaces/{Event Hub namespace}/authorizationrules/{authorization rule}",
          "strongType": "Microsoft.EventHub/Namespaces/AuthorizationRules"
        }
      },
      "location": {
        "type": "String",
        "metadata": {
          "displayName": "resource location",
          "description": "Specify the resource location"
        },
        "defaultValue": "uksouth"
      },
      "eventHubName": {
        "type": "String",
        "metadata": {
          "displayName": "diagnostics event hub name",
          "description": "Specify the diagnostics event hub name"
        },
        "defaultValue": "es-vmss-logs"
      },
      "effect": {
        "type": "String",
        "defaultValue": "DeployIfNotExists",
        "allowedValues": [
          "DeployIfNotExists",
          "Disabled"
        ],
        "metadata": {
          "displayName": "Effect",
          "description": "Enable or disable the execution of the policy"
        }
      },
      "profileName": {
        "type": "String",
        "defaultValue": "es-evh-policy",
        "metadata": {
          "displayName": "Profile name",
          "description": "The diagnostic settings profile name"
        }
      },
      "metricsEnabled": {
        "type": "String",
        "defaultValue": "False",
        "allowedValues": [
          "True",
          "False"
        ],
        "metadata": {
          "displayName": "Enable metrics",
          "description": "Whether to enable metrics stream to the Event Hub - True or False"
        }
      }
    },
    "policyRule": {
      "if": {
        "field": "type",
        "equals": "Microsoft.Compute/virtualMachineScaleSets"
      },
      "then": {
        "effect": "[parameters('effect')]",
        "details": {
          "type": "Microsoft.Insights/diagnosticSettings",
          "name": "es-evh-policy",
          "existenceCondition": {
            "allOf": [
              {
                "field": "Microsoft.Insights/diagnosticSettings/metrics.enabled",
                "equals": "true"
              },
              {
                "field": "Microsoft.Insights/diagnosticSettings/eventHubName",
                "matchInsensitively": "[parameters('eventHubName')]"
              },
              {
                "field": "Microsoft.Insights/diagnosticSettings/eventHubAuthorizationRuleId",
                "matchInsensitively": "[parameters('eventHubRuleId')]"
              }
            ]
          },
          "roleDefinitionIds": [
            "/providers/microsoft.authorization/roleDefinitions/749f88d5-cbae-40b8-bcfc-e573ddc772fa",
            "/providers/Microsoft.Authorization/roleDefinitions/f526a384-b230-433a-b45c-95f59c4a2dec",
            "/providers/Microsoft.Authorization/roleDefinitions/92aaf0da-9dab-42b6-94a3-d43ce8d16293"
          ],
          "deployment": {
            "properties": {
              "mode": "Incremental",
              "template": {
                "$schema": "http://schema.management.azure.com/schemas/2015-01-01/deploymentTemplate.json#",
                "contentVersion": "1.0.0.0",
                "parameters": {
                  "resourceName": {
                    "type": "String"
                  },
                  "eventHubRuleId": {
                    "type": "string"
                  },
                  "eventHubName": {
                    "type": "string"
                  },
                  "location": {
                    "type": "String"
                  },
                  "profileName": {
                    "type": "String"
                  },
                  "metricsEnabled": {
                    "type": "String"
                  }
                },
                "variables": {},
                "resources": [
                  {
                    "type": "Microsoft.Compute/virtualMachineScaleSets/providers/diagnosticSettings",
                    "apiVersion": "2017-05-01-preview",
                    "name": "[concat(parameters('resourceName'), '/', 'Microsoft.Insights/', parameters('profileName'))]",
                    "location": "[parameters('location')]",
                    "dependsOn": [],
                    "properties": {
                      "eventHubAuthorizationRuleId": "[parameters('eventHubRuleId')]",
                      "eventHubName": "[parameters('eventHubName')]",
                      "metrics": [
                        {
                          "category": "AllMetrics",
                          "enabled": "[parameters('metricsEnabled')]",
                          "retentionPolicy": {
                            "enabled": false,
                            "days": 0
                          }
                        }
                      ],
                      "logs": []
                    }
                  }
                ],
                "outputs": {}
              },
              "parameters": {
                "eventHubRuleId": {
                  "value": "[parameters('eventHubRuleId')]"
                },
                "eventHubName": {
                  "value": "[parameters('eventHubName')]"
                },
                "location": {
                  "value": "[parameters('location')]"
                },
                "resourceName": {
                  "value": "[field('name')]"
                },
                "profileName": {
                  "value": "[parameters('profileName')]"
                },
                "metricsEnabled": {
                  "value": "[parameters('metricsEnabled')]"
                }
              }
            }
          }
        }
      }
    }
  }
}