{
    "name": "Deploy-Diagnostic-To-Event-Hub",
    "type": "Microsoft.Authorization/policySetDefinitions",
    "apiVersion": "2021-06-01",
    "properties": {
        "displayName": "Deploy Diagnostic To Event Hub",
        "policyType": "Custom",
        "description": "Require business unit tag on resource groups",
        "metadata": {
            "category": "ES - Monitoring"
        },
        "parameters": {
            "eventHubRuleId": {
                "type": "string",
                "metadata": {
                    "displayName": "Event Hub Authorization Rule Id",
                    "description": "The Event Hub authorization rule Id for Azure Diagnostics. The authorization rule needs to be at Event Hub namespace level. e.g. /subscriptions/{subscription Id}/resourceGroups/{resource group}/providers/Microsoft.EventHub/namespaces/{Event Hub namespace}/authorizationrules/{authorization rule}",
                    "strongType": "Microsoft.EventHub/Namespaces/AuthorizationRules"
                }
            },
            "eventHubName": {
                "type": "String",
                "metadata": {
                    "displayName": "diagnostics event hub name",
                    "description": "Specify the diagnostics event hub name"
                },
                "defaultValue": "es-diagnostic-logs"
            },
            "location": {
                "type": "String",
                "metadata": {
                    "displayName": "event hub namespace location",
                    "description": "Specify the location of the event hub namespace"
                },
                "defaultValue": "uksouth"
            }
        },
        "policyDefinitions": [
            {
                "policyDefinitionReferenceId": "Deploy-EVH-Diagnostics-AA",
                "policyDefinitionId": "${root_scope_resource_id}/providers/Microsoft.Authorization/policyDefinitions/Deploy-EVH-Diagnostics-AA",
                "parameters": {
                    "eventHubRuleId": {
                        "value": "[parameters('eventHubRuleId')]"
                    },
                    "eventHubName": {
                        "Value": "[parameters('eventHubName')]"
                    },
                    "location": {
                        "Value": "[parameters('location')]"
                    }
                },
                "groupNames": []
            },
            {
                "policyDefinitionReferenceId": "Deploy-EVH-Diagnostics-ACI",
                "policyDefinitionId": "${root_scope_resource_id}/providers/Microsoft.Authorization/policyDefinitions/Deploy-EVH-Diagnostics-ACI",
                "parameters": {
                    "eventHubRuleId": {
                        "value": "[parameters('eventHubRuleId')]"
                    },
                    "eventHubName": {
                        "Value": "[parameters('eventHubName')]"
                    },
                    "location": {
                        "Value": "[parameters('location')]"
                    }
                },
                "groupNames": []
            },
            {
                "policyDefinitionReferenceId": "Deploy-EVH-Diagnostics-ACR",
                "policyDefinitionId": "${root_scope_resource_id}/providers/Microsoft.Authorization/policyDefinitions/Deploy-EVH-Diagnostics-ACR",
                "parameters": {
                    "eventHubRuleId": {
                        "value": "[parameters('eventHubRuleId')]"
                    },
                    "eventHubName": {
                        "Value": "[parameters('eventHubName')]"
                    },
                    "location": {
                        "Value": "[parameters('location')]"
                    }
                },
                "groupNames": []
            },
            {
                "policyDefinitionReferenceId": "Deploy-EVH-Diagnostics-AnalysisService",
                "policyDefinitionId": "${root_scope_resource_id}/providers/Microsoft.Authorization/policyDefinitions/Deploy-EVH-Diagnostics-AnalysisService",
                "parameters": {
                    "eventHubRuleId": {
                        "value": "[parameters('eventHubRuleId')]"
                    },
                    "eventHubName": {
                        "Value": "[parameters('eventHubName')]"
                    },
                    "location": {
                        "Value": "[parameters('location')]"
                    }
                },
                "groupNames": []
            },
            {
                "policyDefinitionReferenceId": "Deploy-EVH-Diagnostics-ApiForFHIR",
                "policyDefinitionId": "${root_scope_resource_id}/providers/Microsoft.Authorization/policyDefinitions/Deploy-EVH-Diagnostics-ApiForFHIR",
                "parameters": {
                    "eventHubRuleId": {
                        "value": "[parameters('eventHubRuleId')]"
                    },
                    "eventHubName": {
                        "Value": "[parameters('eventHubName')]"
                    },
                    "location": {
                        "Value": "[parameters('location')]"
                    }
                },
                "groupNames": []
            },
            {
                "policyDefinitionReferenceId": "Deploy-EVH-Diagnostics-APIMgmt",
                "policyDefinitionId": "${root_scope_resource_id}/providers/Microsoft.Authorization/policyDefinitions/Deploy-EVH-Diagnostics-APIMgmt",
                "parameters": {
                    "eventHubRuleId": {
                        "value": "[parameters('eventHubRuleId')]"
                    },
                    "eventHubName": {
                        "Value": "[parameters('eventHubName')]"
                    },
                    "location": {
                        "Value": "[parameters('location')]"
                    }
                },
                "groupNames": []
            },
            {
                "policyDefinitionReferenceId": "Deploy-EVH-Diagnostics-ApplicationGateway",
                "policyDefinitionId": "${root_scope_resource_id}/providers/Microsoft.Authorization/policyDefinitions/Deploy-EVH-Diagnostics-ApplicationGateway",
                "parameters": {
                    "eventHubRuleId": {
                        "value": "[parameters('eventHubRuleId')]"
                    },
                    "eventHubName": {
                        "Value": "[parameters('eventHubName')]"
                    },
                    "location": {
                        "Value": "[parameters('location')]"
                    }
                },
                "groupNames": []
            },
            {
                "policyDefinitionReferenceId": "Deploy-EVH-Diagnostics-CDNEndpoints",
                "policyDefinitionId": "${root_scope_resource_id}/providers/Microsoft.Authorization/policyDefinitions/Deploy-EVH-Diagnostics-CDNEndpoints",
                "parameters": {
                    "eventHubRuleId": {
                        "value": "[parameters('eventHubRuleId')]"
                    },
                    "eventHubName": {
                        "Value": "[parameters('eventHubName')]"
                    },
                    "location": {
                        "Value": "[parameters('location')]"
                    }
                },
                "groupNames": []
            },
            {
                "policyDefinitionReferenceId": "Deploy-EVH-Diagnostics-CognitiveServices",
                "policyDefinitionId": "${root_scope_resource_id}/providers/Microsoft.Authorization/policyDefinitions/Deploy-EVH-Diagnostics-CognitiveServices",
                "parameters": {
                    "eventHubRuleId": {
                        "value": "[parameters('eventHubRuleId')]"
                    },
                    "eventHubName": {
                        "Value": "[parameters('eventHubName')]"
                    },
                    "location": {
                        "Value": "[parameters('location')]"
                    }
                },
                "groupNames": []
            },
            {
                "policyDefinitionReferenceId": "Deploy-EVH-Diagnostics-CosmosDB",
                "policyDefinitionId": "${root_scope_resource_id}/providers/Microsoft.Authorization/policyDefinitions/Deploy-EVH-Diagnostics-CosmosDB",
                "parameters": {
                    "eventHubRuleId": {
                        "value": "[parameters('eventHubRuleId')]"
                    },
                    "eventHubName": {
                        "Value": "[parameters('eventHubName')]"
                    },
                    "location": {
                        "Value": "[parameters('location')]"
                    }
                },
                "groupNames": []
            },
            {
                "policyDefinitionReferenceId": "Deploy-EVH-Diagnostics-Databricks",
                "policyDefinitionId": "${root_scope_resource_id}/providers/Microsoft.Authorization/policyDefinitions/Deploy-EVH-Diagnostics-Databricks",
                "parameters": {
                    "eventHubRuleId": {
                        "value": "[parameters('eventHubRuleId')]"
                    },
                    "eventHubName": {
                        "Value": "[parameters('eventHubName')]"
                    },
                    "location": {
                        "Value": "[parameters('location')]"
                    }
                },
                "groupNames": []
            },
            {
                "policyDefinitionReferenceId": "Deploy-EVH-Diagnostics-DataExplorerCluster",
                "policyDefinitionId": "${root_scope_resource_id}/providers/Microsoft.Authorization/policyDefinitions/Deploy-EVH-Diagnostics-DataExplorerCluster",
                "parameters": {
                    "eventHubRuleId": {
                        "value": "[parameters('eventHubRuleId')]"
                    },
                    "eventHubName": {
                        "Value": "[parameters('eventHubName')]"
                    },
                    "location": {
                        "Value": "[parameters('location')]"
                    }
                },
                "groupNames": []
            },
            {
                "policyDefinitionReferenceId": "Deploy-EVH-Diagnostics-DataFactory",
                "policyDefinitionId": "${root_scope_resource_id}/providers/Microsoft.Authorization/policyDefinitions/Deploy-EVH-Diagnostics-DataFactory",
                "parameters": {
                    "eventHubRuleId": {
                        "value": "[parameters('eventHubRuleId')]"
                    },
                    "eventHubName": {
                        "Value": "[parameters('eventHubName')]"
                    },
                    "location": {
                        "Value": "[parameters('location')]"
                    }
                },
                "groupNames": []
            },
            {
                "policyDefinitionReferenceId": "Deploy-EVH-Diagnostics-DLAnalytics",
                "policyDefinitionId": "${root_scope_resource_id}/providers/Microsoft.Authorization/policyDefinitions/Deploy-EVH-Diagnostics-DLAnalytics",
                "parameters": {
                    "eventHubRuleId": {
                        "value": "[parameters('eventHubRuleId')]"
                    },
                    "eventHubName": {
                        "Value": "[parameters('eventHubName')]"
                    },
                    "location": {
                        "Value": "[parameters('location')]"
                    }
                },
                "groupNames": []
            },
            {
                "policyDefinitionReferenceId": "Deploy-EVH-Diagnostics-EventGridSub",
                "policyDefinitionId": "${root_scope_resource_id}/providers/Microsoft.Authorization/policyDefinitions/Deploy-EVH-Diagnostics-EventGridSub",
                "parameters": {
                    "eventHubRuleId": {
                        "value": "[parameters('eventHubRuleId')]"
                    },
                    "eventHubName": {
                        "Value": "[parameters('eventHubName')]"
                    },
                    "location": {
                        "Value": "[parameters('location')]"
                    }
                },
                "groupNames": []
            },
            {
                "policyDefinitionReferenceId": "Deploy-EVH-Diagnostics-EventGridSystemTopic",
                "policyDefinitionId": "${root_scope_resource_id}/providers/Microsoft.Authorization/policyDefinitions/Deploy-EVH-Diagnostics-EventGridSystemTopic",
                "parameters": {
                    "eventHubRuleId": {
                        "value": "[parameters('eventHubRuleId')]"
                    },
                    "eventHubName": {
                        "Value": "[parameters('eventHubName')]"
                    },
                    "location": {
                        "Value": "[parameters('location')]"
                    }
                },
                "groupNames": []
            },
            {
                "policyDefinitionReferenceId": "Deploy-EVH-Diagnostics-EventGridTopic",
                "policyDefinitionId": "${root_scope_resource_id}/providers/Microsoft.Authorization/policyDefinitions/Deploy-EVH-Diagnostics-EventGridTopic",
                "parameters": {
                    "eventHubRuleId": {
                        "value": "[parameters('eventHubRuleId')]"
                    },
                    "eventHubName": {
                        "Value": "[parameters('eventHubName')]"
                    },
                    "location": {
                        "Value": "[parameters('location')]"
                    }
                },
                "groupNames": []
            },
            {
                "policyDefinitionReferenceId": "Deploy-EVH-Diagnostics-ExpressRoute",
                "policyDefinitionId": "${root_scope_resource_id}/providers/Microsoft.Authorization/policyDefinitions/Deploy-EVH-Diagnostics-ExpressRoute",
                "parameters": {
                    "eventHubRuleId": {
                        "value": "[parameters('eventHubRuleId')]"
                    },
                    "eventHubName": {
                        "Value": "[parameters('eventHubName')]"
                    },
                    "location": {
                        "Value": "[parameters('location')]"
                    }
                },
                "groupNames": []
            },
            {
                "policyDefinitionReferenceId": "Deploy-EVH-Diagnostics-Firewall",
                "policyDefinitionId": "${root_scope_resource_id}/providers/Microsoft.Authorization/policyDefinitions/Deploy-EVH-Diagnostics-Firewall",
                "parameters": {
                    "eventHubRuleId": {
                        "value": "[parameters('eventHubRuleId')]"
                    },
                    "eventHubName": {
                        "Value": "[parameters('eventHubName')]"
                    },
                    "location": {
                        "Value": "[parameters('location')]"
                    }
                },
                "groupNames": []
            },
            {
                "policyDefinitionReferenceId": "Deploy-EVH-Diagnostics-FrontDoor",
                "policyDefinitionId": "${root_scope_resource_id}/providers/Microsoft.Authorization/policyDefinitions/Deploy-EVH-Diagnostics-FrontDoor",
                "parameters": {
                    "eventHubRuleId": {
                        "value": "[parameters('eventHubRuleId')]"
                    },
                    "eventHubName": {
                        "Value": "[parameters('eventHubName')]"
                    },
                    "location": {
                        "Value": "[parameters('location')]"
                    }
                },
                "groupNames": []
            },
            {
                "policyDefinitionReferenceId": "Deploy-EVH-Diagnostics-Function",
                "policyDefinitionId": "${root_scope_resource_id}/providers/Microsoft.Authorization/policyDefinitions/Deploy-EVH-Diagnostics-Function",
                "parameters": {
                    "eventHubRuleId": {
                        "value": "[parameters('eventHubRuleId')]"
                    },
                    "eventHubName": {
                        "Value": "[parameters('eventHubName')]"
                    },
                    "location": {
                        "Value": "[parameters('location')]"
                    }
                },
                "groupNames": []
            },
            {
                "policyDefinitionReferenceId": "Deploy-EVH-Diagnostics-HDInsight",
                "policyDefinitionId": "${root_scope_resource_id}/providers/Microsoft.Authorization/policyDefinitions/Deploy-EVH-Diagnostics-HDInsight",
                "parameters": {
                    "eventHubRuleId": {
                        "value": "[parameters('eventHubRuleId')]"
                    },
                    "eventHubName": {
                        "Value": "[parameters('eventHubName')]"
                    },
                    "location": {
                        "Value": "[parameters('location')]"
                    }
                },
                "groupNames": []
            },
            {
                "policyDefinitionReferenceId": "Deploy-EVH-Diagnostics-iotHub",
                "policyDefinitionId": "${root_scope_resource_id}/providers/Microsoft.Authorization/policyDefinitions/Deploy-EVH-Diagnostics-iotHub",
                "parameters": {
                    "eventHubRuleId": {
                        "value": "[parameters('eventHubRuleId')]"
                    },
                    "eventHubName": {
                        "Value": "[parameters('eventHubName')]"
                    },
                    "location": {
                        "Value": "[parameters('location')]"
                    }
                },
                "groupNames": []
            },
            {
                "policyDefinitionReferenceId": "Deploy-EVH-Diagnostics-LoadBalancer",
                "policyDefinitionId": "${root_scope_resource_id}/providers/Microsoft.Authorization/policyDefinitions/Deploy-EVH-Diagnostics-LoadBalancer",
                "parameters": {
                    "eventHubRuleId": {
                        "value": "[parameters('eventHubRuleId')]"
                    },
                    "eventHubName": {
                        "Value": "[parameters('eventHubName')]"
                    },
                    "location": {
                        "Value": "[parameters('location')]"
                    }
                },
                "groupNames": []
            },
            {
                "policyDefinitionReferenceId": "Deploy-EVH-Diagnostics-LogicAppsISE",
                "policyDefinitionId": "${root_scope_resource_id}/providers/Microsoft.Authorization/policyDefinitions/Deploy-EVH-Diagnostics-LogicAppsISE",
                "parameters": {
                    "eventHubRuleId": {
                        "value": "[parameters('eventHubRuleId')]"
                    },
                    "eventHubName": {
                        "Value": "[parameters('eventHubName')]"
                    },
                    "location": {
                        "Value": "[parameters('location')]"
                    }
                },
                "groupNames": []
            },
            {
                "policyDefinitionReferenceId": "Deploy-EVH-Diagnostics-MariaDB",
                "policyDefinitionId": "${root_scope_resource_id}/providers/Microsoft.Authorization/policyDefinitions/Deploy-EVH-Diagnostics-MariaDB",
                "parameters": {
                    "eventHubRuleId": {
                        "value": "[parameters('eventHubRuleId')]"
                    },
                    "eventHubName": {
                        "Value": "[parameters('eventHubName')]"
                    },
                    "location": {
                        "Value": "[parameters('location')]"
                    }
                },
                "groupNames": []
            },
            {
                "policyDefinitionReferenceId": "Deploy-EVH-Diagnostics-MediaService",
                "policyDefinitionId": "${root_scope_resource_id}/providers/Microsoft.Authorization/policyDefinitions/Deploy-EVH-Diagnostics-MediaService",
                "parameters": {
                    "eventHubRuleId": {
                        "value": "[parameters('eventHubRuleId')]"
                    },
                    "eventHubName": {
                        "Value": "[parameters('eventHubName')]"
                    },
                    "location": {
                        "Value": "[parameters('location')]"
                    }
                },
                "groupNames": []
            },
            {
                "policyDefinitionReferenceId": "Deploy-EVH-Diagnostics-MlWorkspace",
                "policyDefinitionId": "${root_scope_resource_id}/providers/Microsoft.Authorization/policyDefinitions/Deploy-EVH-Diagnostics-MlWorkspace",
                "parameters": {
                    "eventHubRuleId": {
                        "value": "[parameters('eventHubRuleId')]"
                    },
                    "eventHubName": {
                        "Value": "[parameters('eventHubName')]"
                    },
                    "location": {
                        "Value": "[parameters('location')]"
                    }
                },
                "groupNames": []
            },
            {
                "policyDefinitionReferenceId": "Deploy-EVH-Diagnostics-MySQL",
                "policyDefinitionId": "${root_scope_resource_id}/providers/Microsoft.Authorization/policyDefinitions/Deploy-EVH-Diagnostics-MySQL",
                "parameters": {
                    "eventHubRuleId": {
                        "value": "[parameters('eventHubRuleId')]"
                    },
                    "eventHubName": {
                        "Value": "[parameters('eventHubName')]"
                    },
                    "location": {
                        "Value": "[parameters('location')]"
                    }
                },
                "groupNames": []
            },
            {
                "policyDefinitionReferenceId": "Deploy-EVH-Diagnostics-NetworkSecurityGroups",
                "policyDefinitionId": "${root_scope_resource_id}/providers/Microsoft.Authorization/policyDefinitions/Deploy-EVH-Diagnostics-NetworkSecurityGroups",
                "parameters": {
                    "eventHubRuleId": {
                        "value": "[parameters('eventHubRuleId')]"
                    },
                    "eventHubName": {
                        "Value": "[parameters('eventHubName')]"
                    },
                    "location": {
                        "Value": "[parameters('location')]"
                    }
                },
                "groupNames": []
            },
            {
                "policyDefinitionReferenceId": "Deploy-EVH-Diagnostics-NIC",
                "policyDefinitionId": "${root_scope_resource_id}/providers/Microsoft.Authorization/policyDefinitions/Deploy-EVH-Diagnostics-NIC",
                "parameters": {
                    "eventHubRuleId": {
                        "value": "[parameters('eventHubRuleId')]"
                    },
                    "eventHubName": {
                        "Value": "[parameters('eventHubName')]"
                    },
                    "location": {
                        "Value": "[parameters('location')]"
                    }
                },
                "groupNames": []
            },
            {
                "policyDefinitionReferenceId": "Deploy-EVH-Diagnostics-PostgreSQL",
                "policyDefinitionId": "${root_scope_resource_id}/providers/Microsoft.Authorization/policyDefinitions/Deploy-EVH-Diagnostics-PostgreSQL",
                "parameters": {
                    "eventHubRuleId": {
                        "value": "[parameters('eventHubRuleId')]"
                    },
                    "eventHubName": {
                        "Value": "[parameters('eventHubName')]"
                    },
                    "location": {
                        "Value": "[parameters('location')]"
                    }
                },
                "groupNames": []
            },
            {
                "policyDefinitionReferenceId": "Deploy-EVH-Diagnostics-PowerBIEmbedded",
                "policyDefinitionId": "${root_scope_resource_id}/providers/Microsoft.Authorization/policyDefinitions/Deploy-EVH-Diagnostics-PowerBIEmbedded",
                "parameters": {
                    "eventHubRuleId": {
                        "value": "[parameters('eventHubRuleId')]"
                    },
                    "eventHubName": {
                        "Value": "[parameters('eventHubName')]"
                    },
                    "location": {
                        "Value": "[parameters('location')]"
                    }
                },
                "groupNames": []
            },
            {
                "policyDefinitionReferenceId": "Deploy-EVH-Diagnostics-RedisCache",
                "policyDefinitionId": "${root_scope_resource_id}/providers/Microsoft.Authorization/policyDefinitions/Deploy-EVH-Diagnostics-RedisCache",
                "parameters": {
                    "eventHubRuleId": {
                        "value": "[parameters('eventHubRuleId')]"
                    },
                    "eventHubName": {
                        "Value": "[parameters('eventHubName')]"
                    },
                    "location": {
                        "Value": "[parameters('location')]"
                    }
                },
                "groupNames": []
            },
            {
                "policyDefinitionReferenceId": "Deploy-EVH-Diagnostics-Relay",
                "policyDefinitionId": "${root_scope_resource_id}/providers/Microsoft.Authorization/policyDefinitions/Deploy-EVH-Diagnostics-Relay",
                "parameters": {
                    "eventHubRuleId": {
                        "value": "[parameters('eventHubRuleId')]"
                    },
                    "eventHubName": {
                        "Value": "[parameters('eventHubName')]"
                    },
                    "location": {
                        "Value": "[parameters('location')]"
                    }
                },
                "groupNames": []
            },
            {
                "policyDefinitionReferenceId": "Deploy-EVH-Diagnostics-SignalR",
                "policyDefinitionId": "${root_scope_resource_id}/providers/Microsoft.Authorization/policyDefinitions/Deploy-EVH-Diagnostics-SignalR",
                "parameters": {
                    "eventHubRuleId": {
                        "value": "[parameters('eventHubRuleId')]"
                    },
                    "eventHubName": {
                        "Value": "[parameters('eventHubName')]"
                    },
                    "location": {
                        "Value": "[parameters('location')]"
                    }
                },
                "groupNames": []
            },
            {
                "policyDefinitionReferenceId": "Deploy-EVH-Diagnostics-SQLElasticPools",
                "policyDefinitionId": "${root_scope_resource_id}/providers/Microsoft.Authorization/policyDefinitions/Deploy-EVH-Diagnostics-SQLElasticPools",
                "parameters": {
                    "eventHubRuleId": {
                        "value": "[parameters('eventHubRuleId')]"
                    },
                    "eventHubName": {
                        "Value": "[parameters('eventHubName')]"
                    },
                    "location": {
                        "Value": "[parameters('location')]"
                    }
                },
                "groupNames": []
            },
            {
                "policyDefinitionReferenceId": "Deploy-EVH-Diagnostics-SQLMI",
                "policyDefinitionId": "${root_scope_resource_id}/providers/Microsoft.Authorization/policyDefinitions/Deploy-EVH-Diagnostics-SQLMI",
                "parameters": {
                    "eventHubRuleId": {
                        "value": "[parameters('eventHubRuleId')]"
                    },
                    "eventHubName": {
                        "Value": "[parameters('eventHubName')]"
                    },
                    "location": {
                        "Value": "[parameters('location')]"
                    }
                },
                "groupNames": []
            },
            {
                "policyDefinitionReferenceId": "Deploy-EVH-Diagnostics-TimeSeriesInsights",
                "policyDefinitionId": "${root_scope_resource_id}/providers/Microsoft.Authorization/policyDefinitions/Deploy-EVH-Diagnostics-TimeSeriesInsights",
                "parameters": {
                    "eventHubRuleId": {
                        "value": "[parameters('eventHubRuleId')]"
                    },
                    "eventHubName": {
                        "Value": "[parameters('eventHubName')]"
                    },
                    "location": {
                        "Value": "[parameters('location')]"
                    }
                },
                "groupNames": []
            },
            {
                "policyDefinitionReferenceId": "Deploy-EVH-Diagnostics-TrafficManager",
                "policyDefinitionId": "${root_scope_resource_id}/providers/Microsoft.Authorization/policyDefinitions/Deploy-EVH-Diagnostics-TrafficManager",
                "parameters": {
                    "eventHubRuleId": {
                        "value": "[parameters('eventHubRuleId')]"
                    },
                    "eventHubName": {
                        "Value": "[parameters('eventHubName')]"
                    },
                    "location": {
                        "Value": "[parameters('location')]"
                    }
                },
                "groupNames": []
            },
            {
                "policyDefinitionReferenceId": "Deploy-EVH-Diagnostics-VirtualNetwork",
                "policyDefinitionId": "${root_scope_resource_id}/providers/Microsoft.Authorization/policyDefinitions/Deploy-EVH-Diagnostics-VirtualNetwork",
                "parameters": {
                    "eventHubRuleId": {
                        "value": "[parameters('eventHubRuleId')]"
                    },
                    "eventHubName": {
                        "Value": "[parameters('eventHubName')]"
                    },
                    "location": {
                        "Value": "[parameters('location')]"
                    }
                },
                "groupNames": []
            },
            {
                "policyDefinitionReferenceId": "Deploy-EVH-Diagnostics-VM",
                "policyDefinitionId": "${root_scope_resource_id}/providers/Microsoft.Authorization/policyDefinitions/Deploy-EVH-Diagnostics-VM",
                "parameters": {
                    "eventHubRuleId": {
                        "value": "[parameters('eventHubRuleId')]"
                    },
                    "eventHubName": {
                        "Value": "[parameters('eventHubName')]"
                    },
                    "location": {
                        "Value": "[parameters('location')]"
                    }
                },
                "groupNames": []
            },
            {
                "policyDefinitionReferenceId": "Deploy-EVH-Diagnostics-VMSS",
                "policyDefinitionId": "${root_scope_resource_id}/providers/Microsoft.Authorization/policyDefinitions/Deploy-EVH-Diagnostics-VMSS",
                "parameters": {
                    "eventHubRuleId": {
                        "value": "[parameters('eventHubRuleId')]"
                    },
                    "eventHubName": {
                        "Value": "[parameters('eventHubName')]"
                    },
                    "location": {
                        "Value": "[parameters('location')]"
                    }
                },
                "groupNames": []
            },
            {
                "policyDefinitionReferenceId": "Deploy-EVH-Diagnostics-VNetGW",
                "policyDefinitionId": "${root_scope_resource_id}/providers/Microsoft.Authorization/policyDefinitions/Deploy-EVH-Diagnostics-VNetGW",
                "parameters": {
                    "eventHubRuleId": {
                        "value": "[parameters('eventHubRuleId')]"
                    },
                    "eventHubName": {
                        "Value": "[parameters('eventHubName')]"
                    },
                    "location": {
                        "Value": "[parameters('location')]"
                    }
                },
                "groupNames": []
            },
            {
                "policyDefinitionReferenceId": "Deploy-EVH-Diagnostics-WebServerFarm",
                "policyDefinitionId": "${root_scope_resource_id}/providers/Microsoft.Authorization/policyDefinitions/Deploy-EVH-Diagnostics-WebServerFarm",
                "parameters": {
                    "eventHubRuleId": {
                        "value": "[parameters('eventHubRuleId')]"
                    },
                    "eventHubName": {
                        "Value": "[parameters('eventHubName')]"
                    },
                    "location": {
                        "Value": "[parameters('location')]"
                    }
                },
                "groupNames": []
            },
            {
                "policyDefinitionReferenceId": "Deploy-EVH-Diagnostics-Website",
                "policyDefinitionId": "${root_scope_resource_id}/providers/Microsoft.Authorization/policyDefinitions/Deploy-EVH-Diagnostics-Website",
                "parameters": {
                    "eventHubRuleId": {
                        "value": "[parameters('eventHubRuleId')]"
                    },
                    "eventHubName": {
                        "Value": "[parameters('eventHubName')]"
                    },
                    "location": {
                        "Value": "[parameters('location')]"
                    }
                },
                "groupNames": []
            },
            {
                "policyDefinitionReferenceId": "Deploy-EVH-Diagnostics-WVDAppGroup",
                "policyDefinitionId": "${root_scope_resource_id}/providers/Microsoft.Authorization/policyDefinitions/Deploy-EVH-Diagnostics-WVDAppGroup",
                "parameters": {
                    "eventHubRuleId": {
                        "value": "[parameters('eventHubRuleId')]"
                    },
                    "eventHubName": {
                        "Value": "[parameters('eventHubName')]"
                    },
                    "location": {
                        "Value": "[parameters('location')]"
                    }
                },
                "groupNames": []
            },
            {
                "policyDefinitionReferenceId": "Deploy-EVH-Diagnostics-WVDHostPools",
                "policyDefinitionId": "${root_scope_resource_id}/providers/Microsoft.Authorization/policyDefinitions/Deploy-EVH-Diagnostics-WVDHostPools",
                "parameters": {
                    "eventHubRuleId": {
                        "value": "[parameters('eventHubRuleId')]"
                    },
                    "eventHubName": {
                        "Value": "[parameters('eventHubName')]"
                    },
                    "location": {
                        "Value": "[parameters('location')]"
                    }
                },
                "groupNames": []
            },
            {
                "policyDefinitionReferenceId": "Deploy-EVH-Diagnostics-WVDWorkspace",
                "policyDefinitionId": "${root_scope_resource_id}/providers/Microsoft.Authorization/policyDefinitions/Deploy-EVH-Diagnostics-WVDWorkspace",
                "parameters": {
                    "eventHubRuleId": {
                        "value": "[parameters('eventHubRuleId')]"
                    },
                    "eventHubName": {
                        "Value": "[parameters('eventHubName')]"
                    },
                    "location": {
                        "Value": "[parameters('location')]"
                    }
                },
                "groupNames": []
            }
        ],
        "policyDefinitionGroups": []
    }
}