{
    "name": "Network-Security-Standards",
    "type": "Microsoft.Authorization/policySetDefinitions",
    "apiVersion": "2021-06-01",
    "scope": null,
    "properties": {
     "displayName": "L&G Network Security Standards",
     "policyType": "Custom",
     "description": "L&G network security standards for all Azure Spoke Subscriptions.",
     "metadata": {
      "category": "ES - Networks"
     },
     "parameters": {},
     "policyDefinitions": [
      {
       "policyDefinitionReferenceId": "DenySubnetWithoutNsg",
       "policyDefinitionId": "${root_scope_resource_id}/providers/Microsoft.Authorization/policyDefinitions/Deny-Subnet-Without-Nsg",
       "parameters": {
         "effect": {
           "value": "Audit"
         }
       },
       "groupNames": []
      },
      {
       "policyDefinitionReferenceId": "DenySubnetWithoutUdr",
       "policyDefinitionId": "${root_scope_resource_id}/providers/Microsoft.Authorization/policyDefinitions/Deny-Subnet-Without-Udr",
       "parameters": {
         "effect": {
           "value": "Audit"
         }
       },
       "groupNames": []
      },      
      {
        "policyDefinitionReferenceId": "DenyRDPFromInternet",
        "policyDefinitionId": "${root_scope_resource_id}/providers/Microsoft.Authorization/policyDefinitions/Deny-RDP-From-Internet",
        "parameters": {},
        "groupNames": []
       },
       {
         "policyDefinitionReferenceId": "DenySSHFromInternet",
         "policyDefinitionId": "${root_scope_resource_id}/providers/Microsoft.Authorization/policyDefinitions/Deny-SSH-From-Internet",
         "parameters": {},
         "groupNames": []
        },
        {
          "policyDefinitionReferenceId": "DenyNsgInboundAllowAll",
          "policyDefinitionId": "${root_scope_resource_id}/providers/Microsoft.Authorization/policyDefinitions/Deny-Nsg-Inbound-Allow-All",
          "parameters": {},
          "groupNames": []
         }
     ],
     "policyDefinitionGroups": []
    }
   }
  
