{
    "name": "Require-Standard-Tags",
    "type": "Microsoft.Authorization/policySetDefinitions",
    "apiVersion": "2021-06-01",
    "scope": null,
    "properties": {
     "displayName": "Require L&G standard tags on all resource groups",
     "policyType": "Custom",
     "description": "Require business unit tag on resource groups",
     "metadata": {
      "category": "ES - Tags",
      "version": "1.0.0"
     },
     "parameters": {},
     "policyDefinitions": [
      {
       "policyDefinitionReferenceId": "Require-application-criticality-tag-on-resource-groups",
       "policyDefinitionId": "${root_scope_resource_id}/providers/Microsoft.Authorization/policyDefinitions/Require-application-Criticality-Tag",
       "parameters": {},
       "groupNames": []
      },
      {
       "policyDefinitionReferenceId": "Require-Business-Unit-Sponsor-on-resource-groups",
       "policyDefinitionId": "${root_scope_resource_id}/providers/Microsoft.Authorization/policyDefinitions/Require-RG-Business-Unit-Sponsor-Tag",
       "parameters": {},
       "groupNames": []
      },
      {
       "policyDefinitionReferenceId": "Require-business-unit-tag-on-resource-groups",
       "policyDefinitionId": "${root_scope_resource_id}/providers/Microsoft.Authorization/policyDefinitions/Require-RG-Business-Unit-Tag",
       "parameters": {},
       "groupNames": []
      },
      {
       "policyDefinitionReferenceId": "Require-cost-centre-tag-on-resource-groups",
       "policyDefinitionId": "${root_scope_resource_id}/providers/Microsoft.Authorization/policyDefinitions/Require-RG-Cost-Centre-Tag",
       "parameters": {},
       "groupNames": []
      },
      {
       "policyDefinitionReferenceId": "Require-data-classification-on-resource-groups",
       "policyDefinitionId": "${root_scope_resource_id}/providers/Microsoft.Authorization/policyDefinitions/Require-RG-Data-Classification-Tag",
       "parameters": {},
       "groupNames": []
      },
      {
       "policyDefinitionReferenceId": "Require-environment-type-on-resource-groups",
       "policyDefinitionId": "${root_scope_resource_id}/providers/Microsoft.Authorization/policyDefinitions/Require-RG-Environment-Type-Tag",
       "parameters": {},
       "groupNames": []
      },
      {
       "policyDefinitionReferenceId": "Require-application-name-on-resource-groups",
       "policyDefinitionId": "${root_scope_resource_id}/providers/Microsoft.Authorization/policyDefinitions/Require-RG-application-Name-Tag",
       "parameters": {},
       "groupNames": []
      },
      {
       "policyDefinitionReferenceId": "Require-application-owner-on-resource-groups",
       "policyDefinitionId": "${root_scope_resource_id}/providers/Microsoft.Authorization/policyDefinitions/Require-RG-application-Owner-Tag",
       "parameters": {},
       "groupNames": []
      }
     ],
     "policyDefinitionGroups": []
    }
   }