{
    "prod_landing_zones": {
      "policy_assignments": [
        "Deny-Resource-Locations", 
        "Deny-RSG-Locations",
        "Deploy-Nsg-FlowLogs-LA",
        "Deploy-SQL-DB-Auditing"
      ],
      "policy_definitions": [],
      "policy_set_definitions": [],
      "role_definitions": [],
      "archetype_config": {
        "parameters": {
          "Deny-Resource-Locations": {
            "listOfAllowedLocations": [
              "eastus",
              "eastus2",
              "westus",
              "uksouth",
              "ukwest"
            ]
          },
          "Deny-RSG-Locations": {
            "listOfAllowedLocations": [
              "eastus",
              "eastus2",
              "westus",
              "uksouth",
              "ukwest"
            ]
          },
          "Deploy-NSG-Flowlog-to-LA": {
            "workspace" : "${log_analytics_workspace_id}"
          }
        },
        "access_control": {}
      }
    }
  }