{
    "name": "Create-NSG-Rule",
    "type": "Microsoft.Authorization/policyDefinitions",
    "apiVersion": "2021-06-01",
    "scope": null,
    "properties": {
        "displayName": "Create NSG Rule",
        "policyType": "Custom",
        "mode": "All",
        "description": "This policy will append a rule to an NSG during creation or update. Only works during creation of the NSG or updates to the NSG as a whole due to the way the Resource Provider works.",
        "metadata": {
            "category": "ES - Network Security"
        },
        "parameters": {
            "name": {
                "type": "String",
                "metadata": {}
            },
            "protocol": {
                "type": "String",
                "metadata": {}
            },
            "access": {
                "type": "String",
                "metadata": {}
            },
            "priority": {
                "type": "String",
                "metadata": {}
            },
            "direction": {
                "type": "String",
                "metadata": {}
            },
            "sourcePortRanges": {
                "type": "Array",
                "metadata": {}
            },
            "destinationPortRanges": {
                "type": "Array",
                "metadata": {}
            },
            "sourceAddressPrefixes": {
                "type": "Array",
                "metadata": {}
            },
            "destinationAddressPrefixes": {
                "type": "Array",
                "metadata": {}
            }
        },
        "policyRule": {
            "if": {
                "allOf": [
                    {
                        "field": "type",
                        "equals": "Microsoft.Network/networkSecurityGroups"
                    }
                ]
            },
            "then": {
                "effect": "append",
                "details": [
                    {
                        "field": "Microsoft.Network/networkSecurityGroups/securityRules[*]",
                        "value": {
                            "name": "[parameters('name')]",
                            "properties": {
                                "protocol": "[parameters('protocol')]",
                                "sourcePortRange": "[if(equals(length(parameters('sourcePortRanges')), 1), first(parameters('sourcePortRanges')), '')]",
                                "destinationPortRange": "[if(equals(length(parameters('destinationPortRanges')), 1), first(parameters('destinationPortRanges')), '')]",
                                "sourceAddressPrefix": "[if(equals(length(parameters('sourceAddressPrefixes')), 1), first(parameters('sourceAddressPrefixes')), '')]",
                                "destinationAddressPrefix": "[if(equals(length(parameters('destinationAddressPrefixes')), 1), first(parameters('destinationAddressPrefixes')), '')]",
                                "access": "[parameters('access')]",
                                "priority": "[parameters('priority')]",
                                "direction": "[parameters('direction')]",
                                "sourcePortRanges": "[if(greater(length(parameters('sourcePortRanges')), 1), parameters('sourcePortRanges'), take(parameters('sourcePortRanges'),0))]",
                                "destinationPortRanges": "[if(greater(length(parameters('destinationPortRanges')), 1), parameters('destinationPortRanges'), take(parameters('destinationPortRanges'),0))]",
                                "sourceAddressPrefixes": "[if(greater(length(parameters('sourceAddressPrefixes')), 1), parameters('sourceAddressPrefixes'), take(parameters('sourceAddressPrefixes'),0))]",
                                "destinationAddressPrefixes": "[if(greater(length(parameters('destinationAddressPrefixes')), 1), parameters('destinationAddressPrefixes'), take(parameters('destinationAddressPrefixes'),0))]"
                            }
                        }
                    }
                ]
            }
        }
    }
}