{
    "name": "Deny-all-Iaas-Deployments",
    "type": "Microsoft.Authorization/policyDefinitions",
    "apiVersion": "2021-06-01",
    "scope": null,
    "properties": {
      "displayName": "Iaas Deployments Should be blocked",
      "policyType": "custom",
      "mode": "All",
      "description": "This policy will block all IaaS (VM) deployments",
      "metadata": {
        "version": "2.0.0",
        "category": "ES - IaaS"
      },
      "parameters": {
        "effect": {
          "type": "String",
          "metadata": {
            "displayName": "Effect",
            "description": "Enable or disable the execution of the policy"
          },
          "allowedValues": [
            "Audit",
            "Deny",
            "Disabled"
          ],
          "defaultValue": "Deny"
        }
      },
      "policyRule": {
        "if": {
          "anyOf": [
            {
              "equals": "Microsoft.Compute/virtualMachines",
              "field": "type"
            },
            {
              "equals": "Microsoft.Compute/virtualMachineScaleSets",
              "field": "type"
            }
          ]
        },
        "then": {
          "effect": "[parameters('effect')]"
        }
      }
    }
  }