{
    "name": "Inherit-Standard-RG-Tags",
    "type": "Microsoft.Authorization/policyDefinitions",
    "properties": {
      "displayName": "Inherit a tag from the resource group",
      "policyType": "BuiltIn",
      "mode": "Indexed",
      "description": "Adds or replaces the specified tag and value from the parent resource group when any resource is created or updated. Existing resources can be remediated by triggering a remediation task.",
      "metadata": {
        "version": "1.0.0",
        "category": "ES - Tags"
      },
      "parameters": {
        "business-unit": {
          "type": "String",
          "metadata": {
            "displayName": "business-unit",
            "description": "The business unit that this resource belongs to."
          },
          "defaultValue": "business-unit"
        },
        "service-owner": {
          "type": "String",
          "metadata": {
            "displayName": "application-owner",
            "description": "Name of second tag, such as 'owner'"
          },
          "defaultValue": "application-owner"
        },
        "business-unit-sponsor": {
          "type": "String",
          "metadata": {
            "displayName": "business-unit-sponsor",
            "description": "Business unit sponsor."
          },
          "defaultValue": "business-unit-sponsor"
        },
        "cost-centre": {
          "type": "String",
          "metadata": {
            "displayName": "cost-centre",
            "description": "The cost centre to charge back for the resource."
          },
          "defaultValue": "cost-centre"
        },
        "data-classification": {
          "type": "String",
          "metadata": {
            "displayName": "data-classification",
            "description": "Data classification."
          },
          "defaultValue": "data-classification"
        },
        "operational-criticality": {
          "type": "String",
          "metadata": {
            "displayName": "application-criticality",
            "description": "application criticality as per definition."
          },
          "defaultValue": "application-criticality"
        },
        "environment-type": {
          "type": "String",
          "metadata": {
            "displayName": "environment-type",
            "description": "type if environment, values should include (Prod, Pre-Prod, Dev, Sandbox etc...)"
          },
          "defaultValue": "environment-type"
        },
        "service-name": {
          "type": "String",
          "metadata": {
            "displayName": "application-name",
            "description": "Application name, this needs to be the same as the application name registered in ServiceNow."
          },
          "defaultValue": "application-name"
        }
    },
      "policyRule": {
        "if": {
          "allOf": [
            {
                "field": "[concat('tags[', parameters('business-unit'), ']')]",
                "notEquals": "[resourceGroup().tags[parameters('business-unit')]]"
              },
              {
                "value": "[resourceGroup().tags[parameters('business-unit')]]",
                "notEquals": ""
              },
              {
                "field": "[concat('tags[', parameters('service-owner'), ']')]",
                "notEquals": "[resourceGroup().tags[parameters('service-owner')]]"
              },
              {
                "value": "[resourceGroup().tags[parameters('service-owner')]]",
                "notEquals": ""
              },
              {
                "field": "[concat('tags[', parameters('business-unit-sponsor'), ']')]",
                "notEquals": "[resourceGroup().tags[parameters('business-unit-sponsor')]]"
              },
              {
                "value": "[resourceGroup().tags[parameters('business-unit-sponsor')]]",
                "notEquals": ""
              },
              {
                "field": "[concat('tags[', parameters('cost-centre'), ']')]",
                "notEquals": "[resourceGroup().tags[parameters('cost-centre')]]"
              },
              {
                "value": "[resourceGroup().tags[parameters('cost-centre')]]",
                "notEquals": ""
              },
              {
                "field": "[concat('tags[', parameters('data-classification'), ']')]",
                "notEquals": "[resourceGroup().tags[parameters('data-classification')]]"
              },
              {
                "value": "[resourceGroup().tags[parameters('data-classification')]]",
                "notEquals": ""
              },
              {
                "field": "[concat('tags[', parameters('operational-criticality'), ']')]",
                "notEquals": "[resourceGroup().tags[parameters('operational-criticality')]]"
              },
              {
                "value": "[resourceGroup().tags[parameters('operational-criticality')]]",
                "notEquals": ""
              },
              {
                "field": "[concat('tags[', parameters('environment-type'), ']')]",
                "notEquals": "[resourceGroup().tags[parameters('environment-type')]]"
              },
              {
                "value": "[resourceGroup().tags[parameters('environment-type')]]",
                "notEquals": ""
              },
              {
                "field": "[concat('tags[', parameters('service-name'), ']')]",
                "notEquals": "[resourceGroup().tags[parameters('service-name')]]"
              },
              {
                "value": "[resourceGroup().tags[parameters('service-name')]]",
                "notEquals": ""
              }
          ]
        },
        "then": {
          "effect": "modify",
          "details": {
            "roleDefinitionIds": [
              "/providers/microsoft.authorization/roleDefinitions/4a9ae827-6dc8-4573-8ac7-8239d42aa03f"
            ],
            "operations": [
              {
                "operation": "addOrReplace",
                "field": "[concat('tags[', parameters('business-unit'), ']')]",
                "value": "[resourceGroup().tags[parameters('business-unit')]]"
              },
			  {
                "operation": "addOrReplace",
                "field": "[concat('tags[', parameters('service-owner'), ']')]",
                "value": "[resourceGroup().tags[parameters('service-owner')]]"
              },
			  {
                "operation": "addOrReplace",
                "field": "[concat('tags[', parameters('business-unit-sponsor'), ']')]",
                "value": "[resourceGroup().tags[parameters('business-unit-sponsor')]]"
              },
			  {
                "operation": "addOrReplace",
                "field": "[concat('tags[', parameters('cost-centre'), ']')]",
                "value": "[resourceGroup().tags[parameters('cost-centre')]]"
              },
			  {
                "operation": "addOrReplace",
                "field": "[concat('tags[', parameters('data-classification'), ']')]",
                "value": "[resourceGroup().tags[parameters('data-classification')]]"
              },
			  {
                "operation": "addOrReplace",
                "field": "[concat('tags[', parameters('operational-criticality'), ']')]",
                "value": "[resourceGroup().tags[parameters('operational-criticality')]]"
              },
			  {
                "operation": "addOrReplace",
                "field": "[concat('tags[', parameters('environment-type'), ']')]",
                "value": "[resourceGroup().tags[parameters('environment-type')]]"
              },
			  {
                "operation": "addOrReplace",
                "field": "[concat('tags[', parameters('service-name'), ']')]",
                "value": "[resourceGroup().tags[parameters('service-name')]]"
              }
            ]
          }
        }
      }
    }
  }