{
    "name": "Activity-Logs-To-Event-Hub",
    "type": "Microsoft.Authorization/policyDefinitions",
    "apiVersion": "2021-06-01",
    "scope": null,
    "properties": {
        "displayName": "Configure Azure Activity logs to stream to specified Event Hub",
        "policyType": "Custom",
        "mode": "All",
        "description": "Deploys the diagnostic settings for Azure Activity to stream subscriptions audit logs to an Event Hub to monitor subscription-level events.",
        "metadata": {
            "category": "ES - Monitoring"
        },
        "parameters": {
            "profileName": {
                "type": "String",
                "metadata": {
                    "displayName": "Profile name",
                    "description": "The diagnostic settings profile name"
                },
                "defaultValue": "subscriptionToEventHub"
            },
            "eventHubRuleId": {
                "type": "String",
                "metadata": {
                    "displayName": "Event Hub Authorization Rule Id",
                    "description": "The Event Hub authorization rule Id for Azure Diagnostics. The authorization rule needs to be at Event Hub namespace level. e.g. /subscriptions/{subscription Id}/resourceGroups/{resource group}/providers/Microsoft.EventHub/namespaces/{Event Hub namespace}/authorizationrules/{authorization rule}",
                    "strongType": "Microsoft.EventHub/Namespaces/AuthorizationRules"
                }
            },
            "eventHubName": {
                "type": "String",
                "metadata": {
                    "displayName": "diagnostics event hub name",
                    "description": "Specify the diagnostics event hub name"
                },
                "defaultValue": "es-activity-logs"
            },
            "metricsEnabled": {
                "type": "String",
                "metadata": {
                    "displayName": "Enable metrics",
                    "description": "Whether to enable metrics stream to the Event Hub - True or False"
                },
                "allowedValues": [
                    "True",
                    "False"
                ],
                "defaultValue": "True"
            },
            "logsEnabled": {
                "type": "String",
                "metadata": {
                    "displayName": "Enable logs",
                    "description": "Whether to enable logs stream to the Event Hub  - True or False"
                },
                "allowedValues": [
                    "True",
                    "False"
                ],
                "defaultValue": "True"
            }
        },
        "policyRule": {
            "if": {
                "field": "type",
                "equals": "Microsoft.Resources/subscriptions"
            },
            "then": {
                "effect": "deployIfNotExists",
                "details": {
                    "type": "Microsoft.Insights/diagnosticSettings",
                    "deploymentScope": "subscription",
                    "existenceScope": "subscription",
                    "existenceCondition": {
                        "allOf": [
                            {
                                "field": "Microsoft.Insights/diagnosticSettings/eventHubName",
                                "matchInsensitively": "[parameters('eventHubName')]"
                            },
                            {
                                "field": "Microsoft.Insights/diagnosticSettings/eventHubAuthorizationRuleId",
                                "matchInsensitively": "[parameters('eventHubRuleId')]"
                            },
                            {
                                "count": {
                                    "field": "Microsoft.Insights/diagnosticSettings/logs[*]",
                                    "where": {
                                        "value": "Microsoft.Insights/diagnosticSettings/logs.Security",
                                        "exists": true
                                    }
                                },
                                "greater": 0
                            }
                        ]
                    },
                    "roleDefinitionIds": [
                        "/providers/Microsoft.Authorization/roleDefinitions/749f88d5-cbae-40b8-bcfc-e573ddc772fa",
                        "/providers/Microsoft.Authorization/roleDefinitions/92aaf0da-9dab-42b6-94a3-d43ce8d16293"
                    ],
                    "deployment": {
                        "location": "northeurope",
                        "properties": {
                            "mode": "incremental",
                            "template": {
                                "$schema": "http://schema.management.azure.com/schemas/2015-01-01/deploymentTemplate.json#",
                                "contentVersion": "1.0.0.0",
                                "parameters": {
                                    "eventHubRuleId": {
                                        "type": "string"
                                    },
                                    "eventHubName": {
                                        "type": "string"
                                    },
                                    "metricsEnabled": {
                                        "type": "string"
                                    },
                                    "logsEnabled": {
                                        "type": "string"
                                    },
                                    "profileName": {
                                        "type": "string"
                                    }
                                },
                                "resources": [
                                    {
                                        "name": "[parameters('profileName')]",
                                        "type": "Microsoft.Insights/diagnosticSettings",
                                        "apiVersion": "2017-05-01-preview",
                                        "location": "Global",
                                        "dependsOn": [],
                                        "properties": {
                                            "eventHubAuthorizationRuleId": "[parameters('eventHubRuleId')]",
                                            "eventHubName": "[parameters('eventHubName')]",
                                            "metrics": [
                                                {
                                                    "category": "AllMetrics",
                                                    "enabled": "[parameters('metricsEnabled')]",
                                                    "retentionPolicy": {
                                                        "enabled": true,
                                                        "days": 0
                                                    }
                                                }
                                            ],
                                            "logs": [
                                                {
                                                    "category": "Administrative",
                                                    "enabled": "[parameters('logsEnabled')]"
                                                },
                                                {
                                                    "category": "Security",
                                                    "enabled": "[parameters('logsEnabled')]"
                                                },
                                                {
                                                    "category": "Alert",
                                                    "enabled": "[parameters('logsEnabled')]"
                                                },
                                                {
                                                    "category": "ServiceHealth",
                                                    "enabled": "[parameters('logsEnabled')]"
                                                },
                                                {
                                                    "category": "Recommendation",
                                                    "enabled": "[parameters('logsEnabled')]"
                                                },
                                                {
                                                    "category": "Policy",
                                                    "enabled": "[parameters('logsEnabled')]"
                                                },
                                                {
                                                    "category": "Autoscale",
                                                    "enabled": "[parameters('logsEnabled')]"
                                                }
                                            ]
                                        }
                                    }
                                ],
                                "outputs": {}
                            },
                            "parameters": {
                                "eventHubRuleId": {
                                    "value": "[parameters('eventHubRuleId')]"
                                },
                                "eventHubName": {
                                    "value": "[parameters('eventHubName')]"
                                },
                                "metricsEnabled": {
                                    "value": "[parameters('metricsEnabled')]"
                                },
                                "logsEnabled": {
                                    "value": "[parameters('logsEnabled')]"
                                },
                                "profileName": {
                                    "value": "[parameters('profileName')]"
                                }
                            }
                        }
                    }
                }
            }
        }
    }
}