{
    "name": "3f93bb73-b4fc-407a-bc78-e543438124e2",
    "type": "Microsoft.Authorization/roleDefinitions",
    "apiVersion": "2018-01-01-preview",
    "properties": {
        "roleName": "CR-Event-Hub-Monitor",
        "description": "Enterprise-scale custom Role Definition. Allows the usage of Event Hub for Azure Activity Logs.",
        "type": "customRole",
        "permissions": [
            {
                "actions": [
                    "Microsoft.Insights/DiagnosticSettings/Read",
                    "Microsoft.Insights/DiagnosticSettings/Delete",
                    "Microsoft.Insights/DiagnosticSettings/Write",
                    "Microsoft.EventHub/namespaces/authorizationRules/listkeys/action"
                ],
                "notActions": [],
                "dataActions": [],
                "notDataActions": []
            }
        ],
        "assignableScopes": [
            "/providers/Microsoft.Management/managementGroups/es-management"
        ]
    }
}