{
    "name": "7a9a0731-ba2c-4325-b106-45abca537763",
    "type": "Microsoft.Authorization/roleDefinitions",
    "apiVersion": "2018-01-01-preview",
    "properties": {
        "roleName": "CR-Platform-Monitor",
        "description": "Enterprise-scale custom Role Definition. Grants full reader access to all resources under this management group. This includes Azure IAM, Workspace Insights and support requests.",
        "type": "customRole",
        "permissions": [
            {
                "actions": [
                    "*/read",
                    "Microsoft.Authorization/roleAssignments/read",
                    "Microsoft.Insights/alertRules/read",
                    "Microsoft.PolicyInsights/*",
                    "Microsoft.operationalInsights/workspaces/*/read",
                    "Microsoft.Resources/deployments/*/read",
                    "Microsoft.Support/*"
                ],
                "notActions": [],
                "dataActions": [],
                "notDataActions": []
            }
        ],
        "assignableScopes": [
            "${root_scope_resource_id}"
        ]
    }
}