{
    "name": "d39a1e7f-0e91-4478-ad28-c2f05fddbc87",
    "type": "Microsoft.Authorization/roleDefinitions",
    "apiVersion": "2018-01-01-preview",
    "properties": {
        "roleName": "CR-Platform-Manager",
        "description": "Enterprise-scale custom Role Definition. Grants full reader access to all resources under this management group. This includes Azure IAM, Workspace Insights and support requests.",
        "type": "customRole",
        "permissions": [
            {
                "actions": [
                    "*/read",
                    "Microsoft.Consumption/*",
                    "Microsoft.CostManagement/*",
                    "Microsoft.Billing/billingPeriods/read",
                    "Microsoft.Advisor/configurations/read",
                    "Microsoft.Advisor/recommendations/read",
                    "Microsoft.Management/managementGroups/read",
                    "Microsoft.Billing/billingProperty/read",
                    "Microsoft.Authorization/roleAssignments/read",
                    "Microsoft.Insights/alertRules/read",
                    "Microsoft.PolicyInsights/*",
                    "Microsoft.operationalInsights/workspaces/*/read",
                    "Microsoft.Resources/deployments/*/read",
                    "Microsoft.Support/*"
                ],
                "notActions": [],
                "dataActions": [],
                "notDataActions": []
            }
        ],
        "assignableScopes": [
            "${root_scope_resource_id}"
        ]
    }
}