{
    "name": "12cd5dbd-7a66-4a99-b5a2-bcef50837cd8",
    "type": "Microsoft.Authorization/roleDefinitions",
    "apiVersion": "2018-01-01-preview",
    "properties": {
        "roleName": "CR-LGI-Application-Engineer",
        "description": "LGI custom Role Definition. Grants full reader access to all resources under this subscription. This includes Azure IAM, Workspace Insights and support requests.",
        "type": "customRole",
        "permissions": [
            {
                "actions": [
                    "*/read",
                    "Microsoft.Support/*",
                    "Microsoft.ApiManagement/service/*/read",
                    "Microsoft.ApiManagement/service/read",
                    "Microsoft.ApiManagement/service/users/keys/read",
                    "Microsoft.ApiManagement/service/subscriptions/listSecrets/action"
                ],
                "notActions": [],
                "dataActions": [],
                "notDataActions": []
            }
        ],
        "assignableScopes": []
    }
}