{
    "name": "5deb8e25-6b7d-4878-ab1c-3134059bb349",
    "type": "Microsoft.Authorization/roleDefinitions",
    "apiVersion": "2018-01-01-preview",
    "properties": {
        "roleName": "CR-LGI-Finance-Manager",
        "description": "Enterprise-scale custom Role Definition. Allows viewing costs and managing cost configuration (e.g. budgets, exports)",
        "type": "customRole",
        "permissions": [
            {
                "actions": [
                    "Microsoft.Consumption/*",
                    "Microsoft.CostManagement/*",
                    "Microsoft.Billing/billingPeriods/read",
                    "Microsoft.Resources/subscriptions/read",
                    "Microsoft.Resources/subscriptions/resourceGroups/read",
                    "Microsoft.Support/*",
                    "Microsoft.Advisor/configurations/read",
                    "Microsoft.Advisor/recommendations/read",
                    "Microsoft.Management/managementGroups/read",
                    "Microsoft.Billing/billingProperty/read"
                ],
                "notActions": [],
                "dataActions": [],
                "notDataActions": []
            }
        ],
        "assignableScopes": []
    }
}