{
    "name": "beef92d5-96f0-4a90-9ac0-1264af23edb0",
    "type": "Microsoft.Authorization/roleDefinitions",
    "apiVersion": "2018-01-01-preview",
    "properties": {
        "roleName": "CR-LGI-vNet-Peering",
        "description": "Users with this role can create vnet peers to the core vnet",
        "type": "customRole",
        "permissions": [
            {
                "actions": [
                    "Microsoft.Network/virtualNetworks/peer/action"
                ],
                "notActions": [],
                "dataActions": [],
                "notDataActions": []
            }
        ],
        "assignableScopes": []
    }
}