{
    "name": "bea1433a-39c1-4026-a857-12e68f6d95e4",
    "type": "Microsoft.Authorization/roleDefinitions",
    "apiVersion": "2018-01-01-preview",
    "properties": {
        "roleName": "CR-LGI-Security-Professional",
        "description": "LGI custom Role Definition. Grants full reader access to all resources under this management group. This includes Azure IAM, Workspace Insights and support requests.",
        "type": "customRole",
        "permissions": [
            {
                "actions": [
                    "*/read",
                    "Microsoft.Authorization/roleAssignments/read",
                    "Microsoft.Insights/alertRules/read",
                    "Microsoft.PolicyInsights/*",
                    "Microsoft.operationalInsights/workspaces/*/read",
                    "Microsoft.Resources/deployments/*/read",
                    "Microsoft.Support/*"
                ],
                "notActions": [],
                "dataActions": [],
                "notDataActions": []
            }
        ],
        "assignableScopes": []
    }
}