{
    "name": "b5d9ddd6-1d83-4ff1-8767-d3876b990a35",
    "type": "Microsoft.Authorization/roleDefinitions",
    "apiVersion": "2018-01-01-preview",
    "properties": {
        "roleName": "CR-LGI-Cloud-Platform-Operations-Engineer",
        "description": "LGI custom Role Definition. Grants full reader access to all resources under this management group. This includes Azure IAM, Workspace Insights and support requests.",
        "type": "customRole",
        "permissions": [
            {
                "actions": [
                    "*/read",
                    "Microsoft.Authorization/roleAssignments/read",
                    "Microsoft.Insights/alertRules/read",
                    "Microsoft.PolicyInsights/*",
                    "Microsoft.operationalInsights/workspaces/*/read",
                    "Microsoft.Resources/deployments/*/read",
                    "Microsoft.Support/*",
                    "Microsoft.ApiManagement/service/*/read",
                    "Microsoft.ApiManagement/service/read",
                    "Microsoft.ApiManagement/service/users/keys/read",
                    "Microsoft.ApiManagement/service/subscriptions/listSecrets/action",
                    "Microsoft.Compute/virtualMachines/start/action",
                    "Microsoft.Compute/virtualMachines/restart/action",
                    "Microsoft.Compute/virtualMachines/deallocate/action",
                    "Microsoft.OperationalInsights/workspaces/analytics/query/action",
                    "Microsoft.ContainerService/managedClusters/listClusterUserCredential/action",
                    "Microsoft.ContainerService/managedClusters/write",
                    "Microsoft.ContainerService/managedClusters/agentPools/write",
                    "Microsoft.Resources/subscriptions/resourceGroups/write",
                    "Microsoft.DomainRegistration/domains/write",
                    "Microsoft.Compute/virtualMachines/write",
                    "Microsoft.Network/virtualNetworks/subnets/join/action",
                    "Microsoft.Storage/storageAccounts/write",
                    "Microsoft.RecoveryServices/Vaults/backupFabrics/protectionContainers/protectedItems/backup/action",
                    "Microsoft.RecoveryServices/Vaults/backupFabrics/protectionContainers/protectedItems/recoveryPoints/provisionInstantItemRecovery/action",
                    "Microsoft.RecoveryServices/vaults/backupFabrics/protectionContainers/protectedItems/recoveryPoints/accessToken/action",
                    "Microsoft.RecoveryServices/Vaults/backupFabrics/protectionContainers/protectedItems/recoveryPoints/restore/action",
                    "Microsoft.RecoveryServices/Vaults/backupFabrics/protectionContainers/protectedItems/recoveryPoints/revokeInstantItemRecovery/action",
                    "Microsoft.RecoveryServices/Vaults/backupFabrics/protectionContainers/protectedItems/write",
                    "Microsoft.RecoveryServices/Vaults/backupFabrics/refreshContainers/action",
                    "Microsoft.RecoveryServices/Vaults/backupJobs/*",
                    "Microsoft.RecoveryServices/Vaults/backupJobsExport/action",
                    "Microsoft.RecoveryServices/Vaults/backupOperationResults/*",
                    "Microsoft.RecoveryServices/Vaults/backupProtectableItems/*",
                    "Microsoft.RecoveryServices/Vaults/certificates/write",
                    "Microsoft.RecoveryServices/Vaults/extendedInformation/write",
                    "Microsoft.RecoveryServices/Vaults/monitoringConfigurations/*",
                    "Microsoft.RecoveryServices/Vaults/registeredIdentities/operationResults/read",
                    "Microsoft.RecoveryServices/Vaults/registeredIdentities/write",
                    "Microsoft.Resources/deployments/*",
                    "Microsoft.RecoveryServices/Vaults/backupstorageconfig/*",
                    "Microsoft.RecoveryServices/Vaults/backupValidateOperation/action",
                    "Microsoft.RecoveryServices/Vaults/backupTriggerValidateOperation/action",
                    "Microsoft.RecoveryServices/Vaults/backupFabrics/protectionContainers/write",
                    "Microsoft.RecoveryServices/Vaults/backupFabrics/protectionContainers/inquire/action",
                    "Microsoft.RecoveryServices/Vaults/backupFabrics/backupProtectionIntent/write",
                    "Microsoft.RecoveryServices/locations/backupStatus/action",
                    "Microsoft.RecoveryServices/locations/backupPreValidateProtection/action",
                    "Microsoft.RecoveryServices/locations/backupValidateFeatures/action",
                    "Microsoft.RecoveryServices/locations/backupCrrJobs/action",
                    "Microsoft.RecoveryServices/locations/backupCrrJob/action",
                    "Microsoft.RecoveryServices/locations/backupCrossRegionRestore/action",
                    "Microsoft.RecoveryServices/Vaults/monitoringAlerts/write",
                    "Microsoft.Support/*",
                    "Microsoft.DataProtection/backupVaults/backupInstances/findRestorableTimeRanges/action"
                ],
                "notActions": [],
                "dataActions": [],
                "notDataActions": []
            }
        ],
        "assignableScopes": []
    }
}