{
    "name": "a2e8464d-684c-4704-b7eb-46b85f44146d",
    "type": "Microsoft.Authorization/roleDefinitions",
    "apiVersion": "2018-01-01-preview",
    "properties": {
        "roleName": "CR-LGI-DBA",
        "description": "LGI custom Role Definition. Grants full reader access to all resources under this subscription. This includes Azure IAM and support requests.",
        "type": "customRole",
        "permissions": [
            {
                "actions": [
                    "*/read",
                    "Microsoft.Authorization/roleAssignments/read",
                    "Microsoft.Support/*"
                ],
                "notActions": [],
                "dataActions": [],
                "notDataActions": []
            }
        ],
        "assignableScopes": []
    }
}