{
    "name": "73ac221e-153a-46fc-bf71-3714f18c48a4",
    "type": "Microsoft.Authorization/roleDefinitions",
    "apiVersion": "2018-01-01-preview",
    "properties": {
        "roleName": "CR-LGI-Devops-Engineer",
        "description": "LGI custom Role Definition. Grants full reader access to all resources under this subscription. This includes Azure IAM, Workspace Insights and support requests.",
        "type": "customRole",
        "permissions": [
            {
                "actions": [
                    "*/read",
                    "Microsoft.Insights/alertRules/read",
                    "Microsoft.operationalInsights/workspaces/*/read",
                    "Microsoft.Resources/deployments/*/read",
                    "Microsoft.Support/*",
                    "Microsoft.ApiManagement/service/*/read",
                    "Microsoft.ApiManagement/service/read",
                    "Microsoft.ApiManagement/service/users/keys/read",
                    "Microsoft.ApiManagement/service/subscriptions/listSecrets/action"
                ],
                "notActions": [],
                "dataActions": [],
                "notDataActions": []
            }
        ],
        "assignableScopes": []
    }
}