{
    "name": "0edfe429-ff0c-45a2-ba25-991bac37cc7a",
    "type": "Microsoft.Authorization/roleDefinitions",
    "apiVersion": "2018-01-01-preview",
    "properties": {
        "roleName": "CR-LGI-Infrastructure-Manager",
        "description": "LGI custom Role Definition. Grants full reader access to all resources under this management group. This includes Azure IAM, Workspace Insights and support requests.",
        "type": "customRole",
        "permissions": [
            {
                "actions": [
                    "*/read",
                    "Microsoft.Consumption/*",
                    "Microsoft.CostManagement/*",
                    "Microsoft.Billing/billingPeriods/read",
                    "Microsoft.Advisor/configurations/read",
                    "Microsoft.Advisor/recommendations/read",
                    "Microsoft.Management/managementGroups/read",
                    "Microsoft.Billing/billingProperty/read",
                    "Microsoft.Authorization/roleAssignments/read",
                    "Microsoft.Insights/alertRules/read",
                    "Microsoft.PolicyInsights/*",
                    "Microsoft.operationalInsights/workspaces/*/read",
                    "Microsoft.Resources/deployments/*/read",
                    "Microsoft.Support/*"
                ],
                "notActions": [],
                "dataActions": [],
                "notDataActions": []
            }
        ],
        "assignableScopes": []
    }
}