{
    "name": "80d3f8d8-0d59-4ef4-8fc6-2877d64c75bc",
    "type": "Microsoft.Authorization/roleDefinitions",
    "apiVersion": "2018-01-01-preview",
    "properties": {
        "roleName": "CR-LGI-InfoSec-Manager",
        "description": "LGI custom Role Definition. Grants full reader access to all resources under this management group. This includes Azure IAM, Workspace Insights and support requests.",
        "type": "customRole",
        "permissions": [
            {
                "actions": [
                    "*/read",
                    "Microsoft.Authorization/roleAssignments/read",
                    "Microsoft.Insights/alertRules/read",
                    "Microsoft.PolicyInsights/*",
                    "Microsoft.operationalInsights/workspaces/*/read",
                    "Microsoft.Resources/deployments/*/read",
                    "Microsoft.Support/*"
                ],
                "notActions": [],
                "dataActions": [],
                "notDataActions": []
            }
        ],
        "assignableScopes": []
    }
}