{
    "name": "687b3edd-19d6-4f5d-bfb4-d65d7afc7e37",
    "type": "Microsoft.Authorization/roleDefinitions",
    "apiVersion": "2018-01-01-preview",
    "properties": {
        "roleName": "CR-LGI-Architect",
        "description": "LGI custom Role Definition. Grants full reader access to all resources under this management group. This includes Azure IAM, Workspace Insights and support requests.",
        "type": "customRole",
        "permissions": [
            {
                "actions": [
                    "*/read",
                    "Microsoft.Authorization/roleAssignments/read",
                    "Microsoft.Insights/alertRules/read",
                    "Microsoft.PolicyInsights/*",
                    "Microsoft.operationalInsights/workspaces/*/read",
                    "Microsoft.Resources/deployments/*/read",
                    "Microsoft.Support/*",
                    "Microsoft.ApiManagement/service/*/read",
                    "Microsoft.ApiManagement/service/read",
                    "Microsoft.ApiManagement/service/users/keys/read",
                    "Microsoft.ApiManagement/service/subscriptions/listSecrets/action"                    
                ],
                "notActions": [],
                "dataActions": [],
                "notDataActions": []
            }
        ],
        "assignableScopes": []
    }
}